{
    "MSE": 0.5289841670367248,
    "MAE": 0.5351261336554743
}